-- phpMyAdmin SQL Dump
-- version 5.0.4
-- https://www.phpmyadmin.net/
--
-- Gép: 127.0.0.1
-- Létrehozás ideje: 2021. Már 06. 10:50
-- Kiszolgáló verziója: 10.4.16-MariaDB
-- PHP verzió: 7.4.12

SET SQL_MODE = "NO_AUTO_VALUE_ON_ZERO";
START TRANSACTION;
SET time_zone = "+00:00";


/*!40101 SET @OLD_CHARACTER_SET_CLIENT=@@CHARACTER_SET_CLIENT */;
/*!40101 SET @OLD_CHARACTER_SET_RESULTS=@@CHARACTER_SET_RESULTS */;
/*!40101 SET @OLD_COLLATION_CONNECTION=@@COLLATION_CONNECTION */;
/*!40101 SET NAMES utf8mb4 */;

--
-- Adatbázis: `jelenlet`
--

-- --------------------------------------------------------

--
-- Tábla szerkezet ehhez a táblához `jelenlet`
--

CREATE TABLE `jelenlet` (
  `sz_azon` int(11) NOT NULL,
  `datum` date NOT NULL,
  `perc` int(11) NOT NULL,
  `kateg_kod` varchar(3) COLLATE utf8_hungarian_ci NOT NULL
) ENGINE=InnoDB DEFAULT CHARSET=utf8 COLLATE=utf8_hungarian_ci;

--
-- A tábla adatainak kiíratása `jelenlet`
--

INSERT INTO `jelenlet` (`sz_azon`, `datum`, `perc`, `kateg_kod`) VALUES
(1, '2021-01-01', 600, 'N'),
(1, '2021-01-02', 1, 'N'),
(1, '2021-01-03', 480, 'N'),
(1, '2021-01-04', 120, 'Á'),
(1, '2021-01-05', 420, 'N'),
(1, '2021-01-06', 480, 'SZ'),
(1, '2021-01-07', 481, 'N'),
(1, '2021-01-08', 480, 'SZ'),
(1, '2021-01-09', 480, 'N'),
(1, '2021-01-10', 480, 'N'),
(1, '2021-01-11', 480, 'N'),
(1, '2021-01-12', 480, 'N'),
(1, '2021-01-13', 480, 'N'),
(1, '2021-01-14', 480, 'N'),
(1, '2021-01-15', 480, 'N'),
(1, '2021-01-16', 480, 'N'),
(1, '2021-01-17', 480, 'N'),
(1, '2021-01-18', 480, 'N'),
(1, '2021-01-19', 480, 'N'),
(1, '2021-01-20', 480, 'N'),
(1, '2021-01-21', 480, 'N'),
(1, '2021-01-22', 480, 'N'),
(1, '2021-01-23', 480, 'N'),
(1, '2021-01-24', 480, 'N'),
(1, '2021-01-25', 480, 'N'),
(1, '2021-01-26', 480, 'N'),
(1, '2021-01-27', 480, 'N'),
(1, '2021-01-28', 480, 'N'),
(1, '2021-01-29', 480, 'N'),
(1, '2021-01-30', 480, 'N'),
(1, '2021-01-31', 480, 'N'),
(1, '2021-02-04', 480, 'N'),
(1, '2021-02-05', 480, 'N'),
(1, '2021-02-06', 480, 'N'),
(1, '2021-02-07', 480, 'N'),
(1, '2021-02-08', 480, 'N'),
(1, '2021-02-09', 480, 'N'),
(1, '2021-02-10', 480, 'N'),
(1, '2021-02-11', 480, 'N'),
(1, '2021-02-12', 480, 'N'),
(1, '2021-02-13', 480, 'N'),
(1, '2021-02-14', 480, 'N'),
(1, '2021-02-15', 480, 'N'),
(1, '2021-02-16', 480, 'N'),
(1, '2021-02-17', 480, 'N'),
(1, '2021-02-18', 480, 'N'),
(1, '2021-02-19', 480, 'N'),
(1, '2021-02-20', 480, 'N'),
(1, '2021-02-21', 480, 'N'),
(1, '2021-02-22', 480, 'N'),
(1, '2021-02-23', 480, 'N'),
(1, '2021-02-24', 480, 'N'),
(1, '2021-02-25', 480, 'N'),
(1, '2021-02-26', 480, 'N'),
(1, '2021-02-27', 480, 'N'),
(1, '2021-02-28', 480, 'N'),
(1, '2021-03-01', 480, 'N'),
(1, '2021-03-02', 480, 'N'),
(1, '2021-03-03', 480, 'N'),
(1, '2021-03-04', 480, 'N'),
(1, '2021-03-05', 480, 'N'),
(1, '2021-03-06', 480, 'N'),
(1, '2021-03-07', 480, 'N'),
(1, '2021-03-08', 480, 'N'),
(1, '2021-03-09', 480, 'N'),
(1, '2021-03-10', 480, 'N'),
(1, '2021-03-11', 480, 'N'),
(1, '2021-03-12', 480, 'N'),
(1, '2021-03-13', 480, 'N'),
(1, '2021-03-14', 480, 'N'),
(1, '2021-03-15', 480, 'N'),
(1, '2021-03-16', 480, 'N'),
(1, '2021-03-17', 480, 'N'),
(1, '2021-03-18', 480, 'N'),
(1, '2021-03-19', 480, 'N'),
(1, '2021-03-20', 480, 'N'),
(1, '2021-03-21', 480, 'N'),
(1, '2021-03-22', 480, 'N'),
(1, '2021-03-23', 480, 'N'),
(1, '2021-03-24', 480, 'N'),
(1, '2021-03-25', 480, 'N'),
(1, '2021-03-26', 480, 'N'),
(1, '2021-03-27', 480, 'N'),
(1, '2021-03-28', 480, 'N'),
(1, '2021-03-29', 480, 'N'),
(1, '2021-03-30', 480, 'N'),
(1, '2021-03-31', 480, 'N'),
(1, '2021-07-01', 480, 'N'),
(1, '2021-07-02', 480, 'N'),
(1, '2021-07-03', 480, 'N'),
(1, '2021-07-04', 480, 'N'),
(1, '2021-07-05', 480, 'N'),
(1, '2021-07-06', 480, 'N'),
(1, '2021-07-07', 480, 'N'),
(1, '2021-07-08', 480, 'N'),
(1, '2021-07-09', 480, 'N'),
(1, '2021-07-10', 480, 'N'),
(1, '2021-07-11', 480, 'N'),
(1, '2021-07-12', 480, 'N'),
(1, '2021-07-13', 480, 'N'),
(1, '2021-07-14', 480, 'N'),
(1, '2021-07-15', 480, 'N'),
(1, '2021-07-16', 480, 'N'),
(1, '2021-07-17', 480, 'N'),
(1, '2021-07-18', 480, 'N'),
(1, '2021-07-19', 480, 'N'),
(1, '2021-07-20', 480, 'N'),
(1, '2021-07-21', 480, 'N'),
(1, '2021-07-22', 480, 'N'),
(1, '2021-07-23', 480, 'N'),
(1, '2021-07-24', 480, 'N'),
(1, '2021-07-25', 480, 'N'),
(1, '2021-07-26', 480, 'N'),
(1, '2021-07-27', 480, 'N'),
(1, '2021-07-28', 480, 'N'),
(1, '2021-07-29', 480, 'N'),
(1, '2021-07-30', 480, 'N'),
(1, '2021-07-31', 480, 'N'),
(2, '2021-01-01', 480, 'N'),
(2, '2021-01-02', 480, 'N'),
(2, '2021-01-03', 480, 'N'),
(2, '2021-01-04', 480, 'N'),
(2, '2021-01-05', 480, 'N'),
(2, '2021-01-06', 480, 'N'),
(2, '2021-01-07', 480, 'N'),
(2, '2021-01-08', 480, 'N'),
(2, '2021-01-09', 480, 'N'),
(2, '2021-01-10', 480, 'N'),
(2, '2021-01-11', 480, 'N'),
(2, '2021-01-12', 480, 'N'),
(2, '2021-01-13', 480, 'N'),
(2, '2021-01-14', 480, 'N'),
(2, '2021-01-15', 480, 'N'),
(2, '2021-01-16', 480, 'N'),
(2, '2021-01-17', 480, 'N'),
(2, '2021-01-18', 480, 'N'),
(2, '2021-01-19', 480, 'N'),
(2, '2021-01-20', 480, 'N'),
(2, '2021-01-21', 480, 'N'),
(2, '2021-01-22', 480, 'N'),
(2, '2021-01-23', 480, 'N'),
(2, '2021-01-24', 480, 'N'),
(2, '2021-01-25', 480, 'N'),
(2, '2021-01-26', 480, 'N'),
(2, '2021-01-27', 480, 'N'),
(2, '2021-01-28', 480, 'N'),
(2, '2021-01-29', 480, 'N'),
(2, '2021-01-30', 480, 'N'),
(2, '2021-01-31', 480, 'N'),
(2, '2021-02-04', 480, 'N'),
(2, '2021-02-05', 480, 'N'),
(2, '2021-02-06', 480, 'N'),
(2, '2021-02-07', 480, 'N'),
(2, '2021-02-08', 480, 'N'),
(2, '2021-02-09', 480, 'N'),
(2, '2021-02-10', 480, 'N'),
(2, '2021-02-11', 480, 'N'),
(2, '2021-02-12', 480, 'N'),
(2, '2021-02-13', 480, 'N'),
(2, '2021-02-14', 480, 'N'),
(2, '2021-02-15', 480, 'N'),
(2, '2021-02-16', 480, 'N'),
(2, '2021-02-17', 480, 'N'),
(2, '2021-02-18', 480, 'N'),
(2, '2021-02-19', 480, 'N'),
(2, '2021-02-20', 480, 'N'),
(2, '2021-02-21', 480, 'N'),
(2, '2021-02-22', 480, 'N'),
(2, '2021-02-23', 480, 'N'),
(2, '2021-02-24', 480, 'N'),
(2, '2021-02-25', 480, 'N'),
(2, '2021-02-26', 480, 'N'),
(2, '2021-02-27', 480, 'N'),
(2, '2021-02-28', 480, 'N'),
(2, '2021-03-01', 480, 'N'),
(2, '2021-03-02', 480, 'N'),
(2, '2021-03-03', 480, 'N'),
(2, '2021-03-04', 480, 'N'),
(2, '2021-03-05', 480, 'N'),
(2, '2021-03-06', 480, 'N'),
(2, '2021-03-07', 480, 'N'),
(2, '2021-03-08', 480, 'N'),
(2, '2021-03-09', 480, 'N'),
(2, '2021-03-10', 480, 'N'),
(2, '2021-03-11', 480, 'N'),
(2, '2021-03-12', 480, 'N'),
(2, '2021-03-13', 480, 'N'),
(2, '2021-03-14', 480, 'N'),
(2, '2021-03-15', 480, 'N'),
(2, '2021-03-16', 480, 'N'),
(2, '2021-03-17', 480, 'N'),
(2, '2021-03-18', 480, 'N'),
(2, '2021-03-19', 480, 'N'),
(2, '2021-03-20', 480, 'N'),
(2, '2021-03-21', 480, 'N'),
(2, '2021-03-22', 480, 'N'),
(2, '2021-03-23', 480, 'N'),
(2, '2021-03-24', 480, 'N'),
(2, '2021-03-25', 480, 'N'),
(2, '2021-03-26', 480, 'N'),
(2, '2021-03-27', 480, 'N'),
(2, '2021-03-28', 480, 'N'),
(2, '2021-03-29', 480, 'N'),
(2, '2021-03-30', 480, 'N'),
(2, '2021-03-31', 480, 'N'),
(2, '2021-07-01', 480, 'N'),
(2, '2021-07-02', 480, 'N'),
(2, '2021-07-03', 480, 'N'),
(2, '2021-07-04', 480, 'N'),
(2, '2021-07-05', 480, 'N'),
(2, '2021-07-06', 480, 'N'),
(2, '2021-07-07', 480, 'N'),
(2, '2021-07-08', 480, 'N'),
(2, '2021-07-09', 480, 'N'),
(2, '2021-07-10', 480, 'N'),
(2, '2021-07-11', 480, 'N'),
(2, '2021-07-12', 480, 'N'),
(2, '2021-07-13', 480, 'N'),
(2, '2021-07-14', 480, 'N'),
(2, '2021-07-15', 480, 'N'),
(2, '2021-07-16', 480, 'N'),
(2, '2021-07-17', 480, 'N'),
(2, '2021-07-18', 480, 'N'),
(2, '2021-07-19', 480, 'N'),
(2, '2021-07-20', 480, 'N'),
(2, '2021-07-21', 480, 'N'),
(2, '2021-07-22', 480, 'N'),
(2, '2021-07-23', 480, 'N'),
(2, '2021-07-24', 480, 'N'),
(2, '2021-07-25', 480, 'N'),
(2, '2021-07-26', 480, 'N'),
(2, '2021-07-27', 480, 'N'),
(2, '2021-07-28', 480, 'N'),
(2, '2021-07-29', 480, 'N'),
(2, '2021-07-30', 480, 'N'),
(2, '2021-07-31', 480, 'N'),
(3, '2021-01-01', 480, 'N'),
(3, '2021-01-02', 480, 'N'),
(3, '2021-01-03', 480, 'N'),
(3, '2021-01-04', 480, 'N'),
(3, '2021-01-05', 480, 'N'),
(3, '2021-01-06', 480, 'N'),
(3, '2021-01-07', 480, 'N'),
(3, '2021-01-08', 480, 'N'),
(3, '2021-01-09', 480, 'N'),
(3, '2021-01-10', 480, 'N'),
(3, '2021-01-11', 480, 'N'),
(3, '2021-01-12', 480, 'N'),
(3, '2021-01-13', 480, 'N'),
(3, '2021-01-14', 480, 'N'),
(3, '2021-01-15', 480, 'N'),
(3, '2021-01-16', 480, 'N'),
(3, '2021-01-17', 480, 'N'),
(3, '2021-01-18', 480, 'N'),
(3, '2021-01-19', 480, 'N'),
(3, '2021-01-20', 480, 'N'),
(3, '2021-01-21', 480, 'N'),
(3, '2021-01-22', 480, 'N'),
(3, '2021-01-23', 480, 'N'),
(3, '2021-01-24', 480, 'N'),
(3, '2021-01-25', 480, 'N'),
(3, '2021-01-26', 480, 'N'),
(3, '2021-01-27', 480, 'N'),
(3, '2021-01-28', 480, 'N'),
(3, '2021-01-29', 480, 'N'),
(3, '2021-01-30', 480, 'N'),
(3, '2021-01-31', 480, 'N'),
(3, '2021-02-04', 480, 'N'),
(3, '2021-02-05', 480, 'N'),
(3, '2021-02-06', 480, 'N'),
(3, '2021-02-07', 480, 'N'),
(3, '2021-02-08', 480, 'N'),
(3, '2021-02-09', 480, 'N'),
(3, '2021-02-10', 480, 'N'),
(3, '2021-02-11', 480, 'N'),
(3, '2021-02-12', 480, 'N'),
(3, '2021-02-13', 480, 'N'),
(3, '2021-02-14', 480, 'N'),
(3, '2021-02-15', 480, 'N'),
(3, '2021-02-16', 480, 'N'),
(3, '2021-02-17', 480, 'N'),
(3, '2021-02-18', 480, 'N'),
(3, '2021-02-19', 480, 'N'),
(3, '2021-02-20', 480, 'N'),
(3, '2021-02-21', 480, 'N'),
(3, '2021-02-22', 480, 'N'),
(3, '2021-02-23', 480, 'N'),
(3, '2021-02-24', 480, 'N'),
(3, '2021-02-25', 480, 'N'),
(3, '2021-02-26', 480, 'N'),
(3, '2021-02-27', 480, 'N'),
(3, '2021-02-28', 480, 'N'),
(3, '2021-03-01', 480, 'N'),
(3, '2021-03-02', 480, 'N'),
(3, '2021-03-03', 480, 'N'),
(3, '2021-03-04', 480, 'N'),
(3, '2021-03-05', 480, 'N'),
(3, '2021-03-06', 480, 'N'),
(3, '2021-03-07', 480, 'N'),
(3, '2021-03-08', 480, 'N'),
(3, '2021-03-09', 480, 'N'),
(3, '2021-03-10', 480, 'N'),
(3, '2021-03-11', 480, 'N'),
(3, '2021-03-12', 480, 'N'),
(3, '2021-03-13', 480, 'N'),
(3, '2021-03-14', 480, 'N'),
(3, '2021-03-15', 480, 'N'),
(3, '2021-03-16', 480, 'N'),
(3, '2021-03-17', 480, 'N'),
(3, '2021-03-18', 480, 'N'),
(3, '2021-03-19', 480, 'N'),
(3, '2021-03-20', 480, 'N'),
(3, '2021-03-21', 480, 'N'),
(3, '2021-03-22', 480, 'N'),
(3, '2021-03-23', 480, 'N'),
(3, '2021-03-24', 480, 'N'),
(3, '2021-03-25', 480, 'N'),
(3, '2021-03-26', 480, 'N'),
(3, '2021-03-27', 480, 'N'),
(3, '2021-03-28', 480, 'N'),
(3, '2021-03-29', 480, 'N'),
(3, '2021-03-30', 480, 'N'),
(3, '2021-03-31', 480, 'N'),
(3, '2021-07-01', 480, 'N'),
(3, '2021-07-02', 480, 'N'),
(3, '2021-07-03', 480, 'N'),
(3, '2021-07-04', 480, 'N'),
(3, '2021-07-05', 480, 'N'),
(3, '2021-07-06', 480, 'N'),
(3, '2021-07-07', 480, 'N'),
(3, '2021-07-08', 480, 'N'),
(3, '2021-07-09', 480, 'N'),
(3, '2021-07-10', 480, 'N'),
(3, '2021-07-11', 480, 'N'),
(3, '2021-07-12', 480, 'N'),
(3, '2021-07-13', 480, 'N'),
(3, '2021-07-14', 480, 'N'),
(3, '2021-07-15', 480, 'N'),
(3, '2021-07-16', 480, 'N'),
(3, '2021-07-17', 480, 'N'),
(3, '2021-07-18', 480, 'N'),
(3, '2021-07-19', 480, 'N'),
(3, '2021-07-20', 480, 'N'),
(3, '2021-07-21', 480, 'N'),
(3, '2021-07-22', 480, 'N'),
(3, '2021-07-23', 480, 'N'),
(3, '2021-07-24', 480, 'N'),
(3, '2021-07-25', 480, 'N'),
(3, '2021-07-26', 480, 'N'),
(3, '2021-07-27', 480, 'N'),
(3, '2021-07-28', 480, 'N'),
(3, '2021-07-29', 480, 'N'),
(3, '2021-07-30', 480, 'N'),
(3, '2021-07-31', 480, 'N');

-- --------------------------------------------------------

--
-- Tábla szerkezet ehhez a táblához `kategoriak`
--

CREATE TABLE `kategoriak` (
  `kod` varchar(3) COLLATE utf8_hungarian_ci NOT NULL,
  `leírás` varchar(30) COLLATE utf8_hungarian_ci NOT NULL
) ENGINE=InnoDB DEFAULT CHARSET=utf8 COLLATE=utf8_hungarian_ci;

--
-- A tábla adatainak kiíratása `kategoriak`
--

INSERT INTO `kategoriak` (`kod`, `leírás`) VALUES
('Á', 'Átrendelt'),
('B', 'Beteg'),
('E', 'Egyéb'),
('N', 'normál munkaidő'),
('SZ', 'szabadság'),
('SZG', 'Szolgálat'),
('SZi', 'Szabadidő');

-- --------------------------------------------------------

--
-- Tábla szerkezet ehhez a táblához `kivetelek`
--

CREATE TABLE `kivetelek` (
  `datum` date NOT NULL,
  `unnepnap` tinyint(1) NOT NULL,
  `munkanap` tinyint(1) NOT NULL
) ENGINE=InnoDB DEFAULT CHARSET=utf8 COLLATE=utf8_hungarian_ci;

-- --------------------------------------------------------

--
-- Tábla szerkezet ehhez a táblához `szabadsag`
--

CREATE TABLE `szabadsag` (
  `sz_azon` int(11) NOT NULL,
  `ev` int(4) NOT NULL,
  `nap` int(3) NOT NULL,
  `hadrendi` int(11) NOT NULL
) ENGINE=InnoDB DEFAULT CHARSET=utf8 COLLATE=utf8_hungarian_ci;

-- --------------------------------------------------------

--
-- Tábla szerkezet ehhez a táblához `szemelyek`
--

CREATE TABLE `szemelyek` (
  `azonosito` int(11) NOT NULL,
  `nev` varchar(60) COLLATE utf8_hungarian_ci NOT NULL,
  `beosztas` varchar(30) COLLATE utf8_hungarian_ci NOT NULL,
  `kezd_datum` date NOT NULL,
  `jog` varchar(10) COLLATE utf8_hungarian_ci NOT NULL,
  `jelszo` varchar(256) COLLATE utf8_hungarian_ci NOT NULL
) ENGINE=InnoDB DEFAULT CHARSET=utf8 COLLATE=utf8_hungarian_ci;

--
-- A tábla adatainak kiíratása `szemelyek`
--

INSERT INTO `szemelyek` (`azonosito`, `nev`, `beosztas`, `kezd_datum`, `jog`, `jelszo`) VALUES
(1, 'Norbert', 'informatiku<br><br><br>', '2020-02-10', 'felhasznál', '1'),
(2, 'Ági', 'igazgató', '2021-01-03', 'admin', 'admin'),
(3, 'Gyula', 'Takarító', '2020-02-10', 'user', 'user1');

--
-- Indexek a kiírt táblákhoz
--

--
-- A tábla indexei `jelenlet`
--
ALTER TABLE `jelenlet`
  ADD PRIMARY KEY (`sz_azon`,`datum`),
  ADD KEY `kateg_kod` (`kateg_kod`);

--
-- A tábla indexei `kategoriak`
--
ALTER TABLE `kategoriak`
  ADD PRIMARY KEY (`kod`);

--
-- A tábla indexei `kivetelek`
--
ALTER TABLE `kivetelek`
  ADD PRIMARY KEY (`datum`);

--
-- A tábla indexei `szabadsag`
--
ALTER TABLE `szabadsag`
  ADD PRIMARY KEY (`sz_azon`,`ev`);

--
-- A tábla indexei `szemelyek`
--
ALTER TABLE `szemelyek`
  ADD PRIMARY KEY (`azonosito`);

--
-- A kiírt táblák AUTO_INCREMENT értéke
--

--
-- AUTO_INCREMENT a táblához `szemelyek`
--
ALTER TABLE `szemelyek`
  MODIFY `azonosito` int(11) NOT NULL AUTO_INCREMENT, AUTO_INCREMENT=6;

--
-- Megkötések a kiírt táblákhoz
--

--
-- Megkötések a táblához `jelenlet`
--
ALTER TABLE `jelenlet`
  ADD CONSTRAINT `jelenlet_ibfk_1` FOREIGN KEY (`kateg_kod`) REFERENCES `kategoriak` (`kod`),
  ADD CONSTRAINT `jelenlet_ibfk_2` FOREIGN KEY (`sz_azon`) REFERENCES `szemelyek` (`azonosito`);

--
-- Megkötések a táblához `szabadsag`
--
ALTER TABLE `szabadsag`
  ADD CONSTRAINT `szabadsag_ibfk_1` FOREIGN KEY (`sz_azon`) REFERENCES `szemelyek` (`azonosito`);
COMMIT;

/*!40101 SET CHARACTER_SET_CLIENT=@OLD_CHARACTER_SET_CLIENT */;
/*!40101 SET CHARACTER_SET_RESULTS=@OLD_CHARACTER_SET_RESULTS */;
/*!40101 SET COLLATION_CONNECTION=@OLD_COLLATION_CONNECTION */;
